;;
22;1;NULL
22;2;NULL
22;3;NULL
22;4;NULL
22;5;NULL
22;6;NULL
22;7;NULL
22;8;NULL
22;9;NULL
22;10;NULL
22;11;NULL
22;12;NULL
22;13;NULL
22;14;NULL
22;15;NULL
22;16;NULL
22;17;NULL
22;18;NULL
22;19;NULL
22;20;NULL
22;21;NULL
22;22;NULL
22;23;NULL
22;24;NULL
22;25;NULL
22;26;NULL
22;27;NULL
22;28;NULL
22;29;NULL
22;30;NULL
22;31;NULL
22;32;NULL
22;33;NULL
22;34;NULL
22;35;NULL
22;36;NULL
22;37;NULL
22;38;NULL
22;39;NULL
22;40;NULL
22;41;NULL
22;42;NULL
22;43;NULL
22;44;NULL
22;45;NULL
22;46;NULL
22;47;NULL
22;48;NULL
22;49;NULL
22;50;NULL
22;51;NULL
22;52;NULL
22;53;NULL
22;54;NULL
22;55;NULL
22;56;NULL
22;57;NULL
22;58;NULL
22;59;NULL
22;60;NULL
22;61;NULL
22;62;NULL
22;63;NULL
22;64;NULL
22;65;NULL
22;66;NULL
22;67;NULL
22;68;NULL
22;69;NULL
22;70;NULL
22;71;NULL
22;72;NULL
22;73;NULL
22;74;NULL
22;75;NULL
22;76;NULL
22;77;NULL
22;78;NULL
22;79;NULL
22;80;NULL
22;81;NULL
22;82;NULL
22;83;NULL
22;84;NULL
22;85;NULL
22;86;NULL
22;87;NULL
22;88;NULL
22;89;NULL
22;90;NULL
22;91;NULL
22;92;NULL
22;93;NULL
22;94;NULL
22;95;NULL
22;96;NULL
22;97;NULL
22;98;NULL
22;99;NULL
22;100;NULL
22;101;NULL
22;102;NULL
22;103;NULL
22;104;NULL
22;105;NULL
22;106;NULL
22;107;NULL
22;108;NULL
22;109;NULL
22;110;NULL
22;111;NULL
22;112;NULL
22;113;NULL
22;114;NULL
22;115;NULL
22;116;NULL
22;117;NULL
22;118;NULL
22;119;NULL
22;120;NULL
22;121;NULL
22;122;NULL
22;123;NULL
22;124;NULL
22;125;NULL
22;126;NULL
22;127;NULL
22;128;NULL
22;129;NULL
22;130;NULL
22;131;NULL
22;132;NULL
22;133;NULL
22;134;NULL
22;135;NULL
22;136;NULL
22;137;NULL
22;138;NULL
22;139;NULL
22;140;NULL
22;141;NULL
22;142;NULL
22;143;NULL
22;144;NULL
22;145;NULL
22;146;NULL
22;147;NULL
22;148;NULL
22;149;NULL
22;150;NULL
22;151;NULL
22;152;NULL
22;153;NULL
22;154;NULL
22;155;NULL
22;156;NULL
22;157;NULL
22;158;NULL
22;159;NULL
22;160;NULL
22;161;NULL
22;162;NULL
22;163;NULL
22;164;NULL
22;165;NULL
22;166;NULL
22;167;NULL
22;168;NULL
22;169;NULL
22;170;NULL
22;171;NULL
22;172;NULL
22;173;NULL
22;174;NULL
22;175;NULL
22;176;NULL
22;177;NULL
22;178;NULL
22;179;NULL
22;180;NULL
22;181;NULL
22;182;NULL
22;183;NULL
22;184;NULL
22;185;NULL
22;186;NULL
22;187;NULL
22;188;NULL
22;189;NULL
22;190;NULL
22;191;NULL
22;192;NULL
22;193;NULL
22;194;NULL
22;195;NULL
22;196;NULL
22;197;NULL
22;198;NULL
22;199;NULL
22;200;NULL
22;201;NULL
22;202;NULL
22;203;NULL
22;204;NULL
22;205;NULL
22;206;NULL
22;207;NULL
22;208;NULL
22;209;NULL
22;210;NULL
22;211;NULL
22;212;NULL
22;213;NULL
22;214;NULL
22;215;NULL
22;216;NULL
22;217;NULL
22;218;NULL
22;219;NULL
22;220;NULL
22;221;NULL
22;222;NULL
22;223;NULL
22;224;NULL
22;225;NULL
22;226;NULL
22;227;NULL
22;228;NULL
22;229;NULL
22;230;NULL
22;231;NULL
22;232;NULL
22;233;NULL
22;234;NULL
22;235;NULL
22;236;NULL
22;237;NULL
22;238;NULL
22;239;NULL
22;240;NULL
22;241;NULL
22;242;NULL
22;243;NULL
22;244;NULL
22;245;NULL
22;246;NULL
22;247;NULL
22;248;NULL
22;249;NULL
22;250;NULL
22;251;NULL
22;252;NULL
22;253;NULL
22;254;NULL
22;255;NULL
22;256;NULL
22;257;NULL
22;258;NULL
22;259;NULL
22;260;NULL
22;261;NULL
22;262;NULL
22;263;NULL
22;264;NULL
22;265;NULL
22;266;NULL
22;267;NULL
22;268;NULL
22;269;NULL
22;270;NULL
22;271;NULL
22;272;NULL
22;273;NULL
22;274;NULL
22;275;NULL
22;276;NULL
22;277;NULL
22;278;NULL
22;279;NULL
22;280;NULL
22;281;NULL
22;282;NULL
22;283;NULL
22;284;NULL
22;285;NULL
22;286;NULL
22;287;NULL
22;288;NULL
22;289;NULL
22;290;NULL
22;291;NULL
22;292;NULL
22;293;NULL
22;294;NULL
22;295;NULL
22;296;NULL
22;297;NULL
22;298;NULL
22;299;NULL
22;300;NULL
22;301;NULL
22;302;NULL
22;303;NULL
22;304;NULL
22;305;NULL
22;306;NULL
22;307;NULL
22;308;NULL
22;309;NULL
22;310;NULL
22;311;NULL
22;312;NULL
22;313;NULL
22;314;NULL
22;315;NULL
22;316;NULL
22;317;NULL
22;318;NULL
22;319;NULL
22;320;NULL
22;321;NULL
22;322;NULL
22;323;NULL
22;324;NULL
22;325;NULL
22;326;NULL
22;327;NULL
22;328;NULL
22;329;NULL
22;330;NULL
22;331;NULL
22;332;NULL
22;333;NULL
22;334;NULL
22;335;NULL
22;336;NULL
22;337;NULL
22;338;NULL
22;339;NULL
22;340;NULL
22;341;NULL
22;342;NULL
22;343;NULL
22;344;NULL
22;345;NULL
22;346;NULL
22;347;NULL
22;348;NULL
22;349;NULL
22;350;NULL
22;351;NULL
22;352;NULL
22;353;NULL
22;354;NULL
22;355;NULL
22;356;NULL
22;357;NULL
22;358;NULL
22;359;NULL
22;360;NULL
22;361;NULL
22;362;NULL
22;363;NULL
22;364;NULL
22;365;NULL
22;366;NULL
22;367;NULL
22;368;NULL
22;369;NULL
22;370;NULL
22;371;NULL
22;372;NULL
22;373;NULL
22;374;NULL
22;375;NULL
22;376;NULL
22;377;NULL
22;378;NULL
22;379;NULL
22;380;NULL
22;381;NULL
22;382;NULL
22;383;NULL
22;384;NULL
22;385;NULL
22;386;NULL
22;387;NULL
22;388;NULL
22;389;NULL
22;390;NULL
22;391;NULL
22;392;NULL
22;393;NULL
22;394;NULL
22;395;NULL
22;396;NULL
22;397;NULL
22;398;NULL
22;399;NULL
22;400;NULL
22;401;NULL
22;402;NULL
22;403;NULL
22;404;NULL
22;405;NULL
22;406;NULL
22;407;NULL
22;408;NULL
22;409;NULL
22;410;NULL
22;411;NULL
22;412;NULL
22;413;NULL
22;414;NULL
22;415;NULL
22;416;NULL
22;417;NULL
22;418;NULL
22;419;NULL
22;420;NULL
22;421;NULL
22;422;NULL
22;423;NULL
22;424;NULL
22;425;NULL
22;426;NULL
22;427;NULL
22;428;NULL
22;429;NULL
22;430;NULL
22;431;NULL
22;432;NULL
22;433;NULL
22;434;NULL
22;435;NULL
22;436;NULL
22;437;NULL
22;438;NULL
22;439;NULL
22;440;NULL
22;441;NULL
22;442;NULL
22;443;NULL
22;444;NULL
22;445;NULL
22;446;NULL
22;447;NULL
22;448;NULL
22;449;NULL
22;450;NULL
22;451;NULL
22;452;NULL
22;453;NULL
22;454;NULL
22;455;NULL
22;456;NULL
22;457;NULL
22;458;NULL
22;459;NULL
22;460;NULL
22;461;NULL
22;462;NULL
22;463;NULL
22;464;NULL
22;465;NULL
22;466;NULL
22;467;NULL
22;468;NULL
22;469;NULL
22;470;NULL
22;471;NULL
22;472;NULL
22;473;NULL
22;474;NULL
22;475;NULL
22;476;NULL
22;477;NULL
22;478;NULL
22;479;NULL
22;480;NULL
22;481;NULL
22;482;NULL
22;483;NULL
22;484;NULL
22;485;NULL
22;486;NULL
22;487;NULL
22;488;NULL
22;489;NULL
22;490;NULL
22;491;NULL
22;492;NULL
22;493;NULL
22;494;NULL
22;495;NULL
22;496;NULL
22;497;NULL
22;498;NULL
22;499;NULL
22;500;NULL
22;501;NULL
22;502;NULL
22;503;NULL
22;504;NULL
22;505;NULL
22;506;NULL
22;507;NULL
22;508;NULL
22;509;NULL
22;510;NULL
22;511;NULL
22;512;NULL
22;513;NULL
22;514;NULL
22;515;NULL
22;516;NULL
22;517;NULL
22;518;NULL
22;519;NULL
22;520;NULL
22;521;NULL
22;522;NULL
22;523;NULL
22;524;NULL
22;525;NULL
22;526;NULL
22;527;NULL
22;528;NULL
22;529;NULL
22;530;NULL
22;531;NULL
22;532;NULL
22;533;NULL
22;534;NULL
22;535;NULL
22;536;NULL
22;537;NULL
22;538;NULL
22;539;NULL
22;540;NULL
22;541;NULL
22;542;NULL
22;543;NULL
22;544;NULL
22;545;NULL
22;546;NULL
22;547;NULL
22;548;NULL
22;549;NULL
22;550;NULL
22;551;NULL
22;552;NULL
22;553;NULL
22;554;NULL
22;555;NULL
22;556;NULL
22;557;NULL
22;558;NULL
22;559;NULL
22;560;NULL
22;561;NULL
22;562;NULL
22;563;NULL
22;564;NULL
22;565;NULL
22;566;NULL
22;567;NULL
22;568;NULL
22;569;NULL
22;570;NULL
22;571;NULL
22;572;NULL
22;573;NULL
22;574;NULL
22;575;NULL
22;576;NULL
22;577;NULL
22;578;NULL
22;579;NULL
22;580;NULL
22;581;NULL
22;582;NULL
22;583;NULL
22;584;NULL
22;585;NULL
22;586;NULL
22;587;NULL
22;588;NULL
22;589;NULL
22;590;NULL
22;591;NULL
22;592;NULL
22;593;NULL
22;594;NULL
22;595;NULL
22;596;NULL
22;597;NULL
22;598;NULL
22;599;NULL
22;600;NULL
22;601;NULL
22;602;NULL
22;603;NULL
22;604;NULL
22;605;NULL
22;606;NULL
22;607;NULL
22;608;NULL
22;609;NULL
22;610;NULL
22;611;NULL
22;612;NULL
22;613;NULL
22;614;NULL
22;615;NULL
22;616;NULL
22;617;NULL
22;618;NULL
22;619;NULL
22;620;NULL
22;621;NULL
22;622;NULL
22;623;NULL
22;624;NULL
22;625;NULL
22;626;NULL
22;627;NULL
22;628;NULL
22;629;NULL
22;630;NULL
22;631;NULL
22;632;NULL
22;633;NULL
22;634;NULL
22;635;NULL
22;636;NULL
22;637;NULL
22;638;NULL
22;639;NULL
22;640;NULL
22;641;NULL
22;642;NULL
22;643;NULL
22;644;NULL
22;645;NULL
22;646;NULL
22;647;NULL
22;648;NULL
22;649;NULL
22;650;NULL
22;651;NULL
22;652;NULL
22;653;NULL
22;654;NULL
22;655;NULL
22;656;NULL
22;657;NULL
22;658;NULL
22;659;NULL
22;660;NULL
22;661;NULL
22;662;NULL
22;663;NULL
22;664;NULL
22;665;NULL
22;666;NULL
22;667;NULL
22;668;NULL
22;669;NULL
22;670;NULL
22;671;NULL
22;672;NULL
22;673;NULL
22;674;NULL
22;675;NULL
22;676;NULL
22;677;NULL
22;678;NULL
22;679;NULL
22;680;NULL
22;681;NULL
22;682;NULL
22;683;NULL
22;684;NULL
22;685;NULL
22;686;NULL
22;687;NULL
22;688;NULL
22;689;NULL
22;690;NULL
22;691;NULL
22;692;NULL
22;693;NULL
22;694;NULL
22;695;NULL
22;696;NULL
22;697;NULL
22;698;NULL
22;699;NULL
22;700;NULL
22;701;NULL
22;702;NULL
22;703;NULL
22;704;NULL
22;705;NULL
22;706;NULL
22;707;NULL
22;708;NULL
22;709;NULL
22;710;NULL
22;711;NULL
22;712;NULL
22;713;NULL
22;714;NULL
22;715;NULL
22;716;NULL
22;717;NULL
22;718;NULL
22;719;NULL
22;720;NULL
22;721;NULL
22;722;NULL
22;723;NULL
22;724;NULL
22;725;NULL
22;726;NULL
22;727;NULL
22;728;NULL
22;729;NULL
22;730;NULL
22;731;NULL
22;732;NULL
22;733;NULL
22;734;NULL
22;735;NULL
22;736;NULL
22;737;NULL
22;738;NULL
22;739;NULL
22;740;NULL
22;741;NULL
22;742;NULL
22;743;NULL
22;744;NULL
22;745;NULL
22;746;NULL
22;747;NULL
22;748;NULL
22;749;NULL
22;750;NULL
22;751;NULL
22;752;NULL
22;753;NULL
22;754;NULL
22;755;NULL
22;756;NULL
22;757;NULL
22;758;NULL
22;759;NULL
22;760;NULL
22;761;NULL
22;762;NULL
22;763;NULL
22;764;NULL
22;765;NULL
22;766;NULL
22;767;NULL
22;768;NULL
22;769;NULL
22;770;NULL
22;771;NULL
22;772;NULL
22;773;NULL
22;774;NULL
22;775;NULL
22;776;NULL
22;777;NULL
22;778;NULL
22;779;NULL
22;780;NULL
22;781;NULL
22;782;NULL
22;783;NULL
22;784;NULL
22;785;NULL
22;786;NULL
22;787;NULL
22;788;NULL
22;789;NULL
22;790;NULL
22;791;NULL
22;792;NULL
22;793;NULL
22;794;NULL
22;795;NULL
22;796;NULL
22;797;NULL
22;798;NULL
22;799;NULL
22;800;NULL
22;801;NULL
22;802;NULL
22;803;NULL
22;804;NULL
22;805;NULL
22;806;NULL
22;807;NULL
22;808;NULL
22;809;NULL
22;810;NULL
22;811;NULL
22;812;NULL
22;813;NULL
22;814;NULL
22;815;NULL
22;816;NULL
22;817;NULL
22;818;NULL
22;819;NULL
22;820;NULL
22;821;NULL
22;822;NULL
22;823;NULL
22;824;NULL
22;825;NULL
22;826;NULL
22;827;NULL
22;828;NULL
22;829;NULL
22;830;NULL
22;831;NULL
22;832;NULL
22;833;NULL
22;834;NULL
22;835;NULL
22;836;NULL
22;837;NULL
22;838;NULL
22;839;NULL
22;840;NULL
22;841;NULL
22;842;NULL
22;843;NULL
22;844;NULL
22;845;NULL
22;846;NULL
22;847;NULL
22;848;NULL
22;849;NULL
22;850;NULL
22;851;NULL
22;852;NULL
22;853;NULL
22;854;NULL
22;855;NULL
22;856;NULL
22;857;NULL
22;858;NULL
22;859;NULL
22;860;NULL
22;861;NULL
22;862;NULL
22;863;NULL
22;864;NULL
22;865;NULL
22;866;NULL
22;867;NULL
22;868;NULL
22;869;NULL
22;870;NULL
22;871;NULL
22;872;NULL
22;873;NULL
22;874;NULL
22;875;NULL
22;876;NULL
22;877;NULL
22;878;NULL
22;879;NULL
22;880;NULL
22;881;NULL
22;882;NULL
22;883;NULL
22;884;NULL
22;885;NULL
22;886;NULL
22;887;NULL
22;888;NULL
22;889;NULL
22;890;NULL
22;891;NULL
22;892;NULL
22;893;NULL
22;894;NULL
22;895;NULL
22;896;NULL
22;897;NULL
22;898;NULL
22;899;NULL
22;900;NULL
22;901;NULL
22;902;NULL
22;903;NULL
22;904;NULL
22;905;NULL
22;906;NULL
22;907;NULL
22;908;NULL
22;909;NULL
22;910;NULL
22;911;NULL
22;912;NULL
22;913;NULL
22;914;NULL
22;915;NULL
22;916;NULL
22;917;NULL
22;918;NULL
22;919;NULL
22;920;NULL
22;921;NULL
22;922;NULL
22;923;NULL
22;924;NULL
22;925;NULL
22;926;NULL
22;927;NULL
22;928;NULL
22;929;NULL
22;930;NULL
22;931;NULL
22;932;NULL
22;933;NULL
22;934;NULL
22;935;NULL
22;936;NULL
22;937;NULL
22;938;NULL
22;939;NULL
22;940;NULL
22;941;NULL
22;942;NULL
22;943;NULL
22;944;NULL
22;945;NULL
22;946;NULL
22;947;NULL
22;948;NULL
22;949;NULL
22;950;NULL
22;951;NULL
22;952;NULL
22;953;NULL
22;954;NULL
22;955;NULL
22;956;NULL
22;957;NULL
22;958;NULL
22;959;NULL
22;960;NULL
22;961;NULL
22;962;NULL
22;963;NULL
22;964;NULL
22;965;NULL
22;966;NULL
22;967;NULL
22;968;NULL
22;969;NULL
22;970;NULL
22;971;NULL
22;972;NULL
22;973;NULL
22;974;NULL
22;975;NULL
22;976;NULL
22;977;NULL
22;978;NULL
22;979;NULL
22;980;NULL
22;981;NULL
22;982;NULL
22;983;NULL
22;984;NULL
22;985;NULL
22;986;NULL
22;987;NULL
22;988;NULL
22;989;NULL
22;990;NULL
22;991;NULL
22;992;NULL
22;993;NULL
22;994;NULL
22;995;NULL
22;996;NULL
22;997;NULL
22;998;NULL
22;999;NULL
22;1000;NULL
22;1001;NULL
22;1002;NULL
22;1003;NULL
22;1004;NULL
22;1005;NULL
22;1006;NULL
22;1007;NULL
22;1008;NULL
22;1009;NULL
22;1010;NULL
22;1011;NULL
22;1012;NULL
22;1013;NULL
22;1014;NULL
22;1015;NULL
22;1016;NULL
22;1017;NULL
22;1018;NULL
22;1019;NULL
22;1020;NULL
22;1021;NULL
22;1022;NULL
22;1023;NULL
22;1024;NULL
22;1025;NULL
22;1026;NULL
22;1027;NULL
22;1028;NULL
22;1029;NULL
22;1030;NULL
22;1031;NULL
22;1032;NULL
22;1033;NULL
22;1034;NULL
22;1035;NULL
22;1036;NULL
22;1037;NULL
22;1038;NULL
22;1039;NULL
22;1040;NULL
22;1041;NULL
22;1042;NULL
22;1043;NULL
22;1044;NULL
22;1045;NULL
22;1046;NULL
22;1047;NULL
22;1048;NULL
22;1049;NULL
22;1050;NULL
22;1051;NULL
22;1052;NULL
22;1053;NULL
22;1054;NULL
22;1055;NULL
22;1056;NULL
22;1057;NULL
22;1058;NULL
22;1059;NULL
22;1060;NULL
22;1061;NULL
22;1062;NULL
22;1063;NULL
22;1064;NULL
22;1065;NULL
22;1066;NULL
22;1067;NULL
22;1068;NULL
22;1069;NULL
22;1070;NULL
22;1071;NULL
22;1072;NULL
22;1073;NULL
22;1074;NULL
22;1075;NULL
22;1076;NULL
22;1077;NULL
22;1078;NULL
22;1079;NULL
22;1080;NULL
22;1081;NULL
22;1082;NULL
22;1083;NULL
22;1084;NULL
22;1085;NULL
22;1086;NULL
22;1087;NULL
22;1088;NULL
22;1089;NULL
22;1090;NULL
22;1091;NULL
22;1092;NULL
22;1093;NULL
22;1094;NULL
22;1095;NULL
22;1096;NULL
22;1097;NULL
22;1098;NULL
22;1099;NULL
22;1100;NULL
22;1101;NULL
22;1102;NULL
22;1103;NULL
22;1104;NULL
22;1105;NULL
22;1106;NULL
22;1107;NULL
22;1108;NULL
22;1109;NULL
22;1110;NULL
22;1111;NULL
22;1112;NULL
22;1113;NULL
22;1114;NULL
22;1115;NULL
22;1116;NULL
22;1117;NULL
22;1118;NULL
22;1119;NULL
22;1120;NULL
22;1121;NULL
22;1122;NULL
22;1123;NULL
22;1124;NULL
22;1125;NULL
22;1126;NULL
22;1127;NULL
22;1128;NULL
22;1129;NULL
22;1130;NULL
22;1131;NULL
22;1132;NULL
22;1133;NULL
22;1134;NULL
22;1135;NULL
22;1136;NULL
22;1137;NULL
22;1138;NULL
22;1139;NULL
22;1140;NULL
22;1141;NULL
22;1142;NULL
22;1143;NULL
22;1144;NULL
22;1145;NULL
22;1146;NULL
22;1147;NULL
22;1148;NULL
22;1149;NULL
22;1150;NULL
22;1151;NULL
22;1152;NULL
22;1153;NULL
22;1154;NULL
22;1155;NULL
22;1156;NULL
22;1157;NULL
22;1158;NULL
22;1159;NULL
22;1160;NULL
22;1161;NULL
22;1162;NULL
22;1163;NULL
22;1164;NULL
22;1165;NULL
22;1166;NULL
22;1167;NULL
22;1168;NULL
22;1169;NULL
22;1170;NULL
22;1171;NULL
22;1172;NULL
22;1173;NULL
22;1174;NULL
22;1175;NULL
22;1176;NULL
22;1177;NULL
22;1178;NULL
22;1179;NULL
22;1180;NULL
22;1181;NULL
22;1182;NULL
22;1183;NULL
22;1184;NULL
22;1185;NULL
22;1186;NULL
22;1187;NULL
22;1188;NULL
22;1189;NULL
22;1190;NULL
22;1191;NULL
22;1192;NULL
22;1193;NULL
22;1194;NULL
22;1195;NULL
22;1196;NULL
22;1197;NULL
22;1198;NULL
22;1199;NULL
22;1200;NULL
22;1201;NULL
22;1202;NULL
22;1203;NULL
22;1204;NULL
22;1205;NULL
22;1206;NULL
22;1207;NULL
22;1208;NULL
22;1209;NULL
22;1210;NULL
22;1211;NULL
22;1212;NULL
22;1213;NULL
22;1214;NULL
22;1215;NULL
22;1216;NULL
22;1217;NULL
22;1218;NULL
22;1219;NULL
22;1220;NULL
22;1221;NULL
22;1222;NULL
22;1223;NULL
22;1224;NULL
22;1225;NULL
22;1226;NULL
22;1227;NULL
22;1228;NULL
22;1229;NULL
22;1230;NULL
22;1231;NULL
22;1232;NULL
22;1233;NULL
22;1234;NULL
22;1235;NULL
22;1236;NULL
22;1237;NULL
22;1238;NULL
22;1239;NULL
22;1240;NULL
22;1241;NULL
22;1242;NULL
22;1243;NULL
22;1244;NULL
22;1245;NULL
22;1246;NULL
22;1247;NULL
22;1248;NULL
22;1249;NULL
22;1250;NULL
22;1251;NULL
22;1252;NULL
22;1253;NULL
22;1254;NULL
22;1255;NULL
22;1256;NULL
22;1257;NULL
22;1258;NULL
22;1259;NULL
22;1260;NULL
22;1261;NULL
22;1262;NULL
22;1263;NULL
22;1264;NULL
22;1265;NULL
22;1266;NULL
22;1267;NULL
22;1268;NULL
22;1269;NULL
22;1270;NULL
22;1271;NULL
22;1272;NULL
22;1273;NULL
22;1274;NULL
22;1275;NULL
22;1276;NULL
22;1277;NULL
22;1278;NULL
22;1279;NULL
22;1280;NULL
22;1281;NULL
22;1282;NULL
22;1283;NULL
22;1284;NULL
22;1285;NULL
22;1286;NULL
22;1287;NULL
22;1288;NULL
22;1289;NULL
22;1290;NULL
22;1291;NULL
22;1292;NULL
22;1293;NULL
22;1294;NULL
22;1295;NULL
22;1296;NULL
22;1297;NULL
22;1298;NULL
22;1299;NULL
22;1300;NULL
22;1301;NULL
22;1302;NULL
22;1303;NULL
22;1304;NULL
22;1305;NULL
22;1306;NULL
22;1307;NULL
22;1308;NULL
22;1309;NULL
22;1310;NULL
22;1311;NULL
22;1312;NULL
22;1313;NULL
22;1314;NULL
22;1315;NULL
22;1316;NULL
22;1317;NULL
22;1318;NULL
22;1319;NULL
22;1320;NULL
22;1321;NULL
22;1322;NULL
22;1323;NULL
22;1324;NULL
22;1325;NULL
22;1326;NULL
22;1327;NULL
22;1328;NULL
22;1329;NULL
22;1330;NULL
22;1331;NULL
22;1332;NULL
22;1333;NULL
22;1334;NULL
22;1335;NULL
22;1336;NULL
22;1337;NULL
22;1338;NULL
22;1339;NULL
22;1340;NULL
22;1341;NULL
22;1342;NULL
22;1343;NULL
22;1344;NULL
22;1345;NULL
22;1346;NULL
22;1347;NULL
22;1348;NULL
22;1349;NULL
22;1350;NULL
22;1351;NULL
22;1352;NULL
22;1353;NULL
22;1354;NULL
22;1355;NULL
22;1356;NULL
22;1357;NULL
22;1358;NULL
22;1359;NULL
22;1360;NULL
22;1361;NULL
22;1362;NULL
22;1363;NULL
22;1364;NULL
22;1365;NULL
22;1366;NULL
22;1367;NULL
22;1368;NULL
22;1369;NULL
22;1370;NULL
22;1371;NULL
22;1372;NULL
22;1373;NULL
22;1374;NULL
22;1375;NULL
22;1376;NULL
22;1377;NULL
22;1378;NULL
22;1379;NULL
22;1380;NULL
22;1381;NULL
22;1382;NULL
22;1383;NULL
22;1384;NULL
22;1385;NULL
22;1386;NULL
22;1387;NULL
22;1388;NULL
22;1389;NULL
22;1390;NULL
22;1391;NULL
22;1392;NULL
22;1393;NULL
22;1394;NULL
22;1395;NULL
22;1396;NULL
22;1397;NULL
22;1398;NULL
22;1399;NULL
22;1400;NULL
22;1401;NULL
22;1402;NULL
22;1403;NULL
22;1404;NULL
22;1405;NULL
22;1406;NULL
22;1407;NULL
22;1408;NULL
22;1409;NULL
22;1410;NULL
22;1411;NULL
22;1412;NULL
22;1413;NULL
22;1414;NULL
22;1415;NULL
22;1416;NULL
22;1417;NULL
22;1418;NULL
22;1419;NULL
22;1420;NULL
22;1421;NULL
22;1422;NULL
22;1423;NULL
22;1424;NULL
22;1425;NULL
22;1426;NULL
22;1427;NULL
22;1428;NULL
22;1429;NULL
22;1430;NULL
22;1431;NULL
22;1432;NULL
22;1433;NULL
22;1434;NULL
22;1435;NULL
22;1436;NULL
22;1437;NULL
22;1438;NULL
22;1439;NULL
22;1440;NULL
22;1441;NULL
22;1442;NULL
22;1443;NULL
22;1444;NULL
22;1445;NULL
22;1446;NULL
22;1447;NULL
22;1448;NULL
22;1449;NULL
22;1450;NULL
22;1451;NULL
22;1452;NULL
22;1453;NULL
22;1454;NULL
22;1455;NULL
22;1456;NULL
22;1457;NULL
22;1458;NULL
22;1459;NULL
22;1460;NULL
22;1461;NULL
22;1462;NULL
22;1463;NULL
22;1464;NULL
22;1465;NULL
22;1466;NULL
22;1467;NULL
22;1468;NULL
22;1469;NULL
22;1470;NULL
22;1471;NULL
22;1472;NULL
22;1473;NULL
22;1474;NULL
22;1475;NULL
22;1476;NULL
22;1477;NULL
22;1478;NULL
22;1479;NULL
22;1480;NULL
22;1481;NULL
22;1482;NULL
22;1483;NULL
22;1484;NULL
22;1485;NULL
22;1486;NULL
22;1487;NULL
22;1488;NULL
22;1489;NULL
22;1490;NULL
22;1491;NULL
22;1492;NULL
22;1493;NULL
22;1494;NULL
22;1495;NULL
22;1496;NULL
22;1497;NULL
22;1498;NULL
22;1499;NULL
22;1500;NULL
22;1501;NULL
22;1502;NULL
22;1503;NULL
22;1504;NULL
22;1505;NULL
22;1506;NULL
22;1507;NULL
22;1508;NULL
22;1509;NULL
22;1510;NULL
22;1511;NULL
22;1512;NULL
22;1513;NULL
22;1514;NULL
22;1515;NULL
22;1516;NULL
22;1517;NULL
22;1518;NULL
22;1519;NULL
22;1520;NULL
22;1521;NULL
22;1522;NULL
22;1523;NULL
22;1524;NULL
22;1525;NULL
22;1526;NULL
22;1527;NULL
22;1528;NULL
22;1529;NULL
22;1530;NULL
22;1531;NULL
22;1532;NULL
22;1533;NULL
22;1534;NULL
22;1535;NULL
22;1536;NULL
22;1537;NULL
22;1538;NULL
22;1539;NULL
22;1540;NULL
22;1541;NULL
22;1542;NULL
22;1543;NULL
22;1544;NULL
22;1545;NULL
22;1546;NULL
22;1547;NULL
22;1548;NULL
22;1549;NULL
22;1550;NULL
22;1551;NULL
22;1552;NULL
22;1553;NULL
22;1554;NULL
22;1555;NULL
22;1556;NULL
22;1557;NULL
22;1558;NULL
22;1559;NULL
22;1560;NULL
22;1561;NULL
22;1562;NULL
22;1563;NULL
22;1564;NULL
22;1565;NULL
22;1566;NULL
22;1567;NULL
22;1568;NULL
22;1569;NULL
22;1570;NULL
22;1571;NULL
22;1572;NULL
22;1573;NULL
22;1574;NULL
22;1575;NULL
22;1576;NULL
22;1577;NULL
22;1578;NULL
22;1579;NULL
22;1580;NULL
22;1581;NULL
22;1582;NULL
22;1583;NULL
22;1584;NULL
22;1585;NULL
22;1586;NULL
22;1587;NULL
22;1588;NULL
22;1589;NULL
22;1590;NULL
22;1591;NULL
22;1592;NULL
22;1593;NULL
22;1594;NULL
22;1595;NULL
22;1596;NULL
22;1597;NULL
22;1598;NULL
22;1599;NULL
22;1600;NULL
22;1601;NULL
22;1602;NULL
22;1603;NULL
22;1604;NULL
22;1605;NULL
22;1606;NULL
22;1607;NULL
22;1608;NULL
22;1609;NULL
22;1610;NULL
22;1611;NULL
22;1612;NULL
22;1613;NULL
22;1614;NULL
22;1615;NULL
22;1616;NULL
22;1617;NULL
22;1618;NULL
22;1619;NULL
22;1620;NULL
22;1621;NULL
22;1622;NULL
22;1623;NULL
22;1624;NULL
22;1625;NULL
22;1626;NULL
22;1627;NULL
22;1628;NULL
22;1629;NULL
22;1630;NULL
22;1631;NULL
22;1632;NULL
22;1633;NULL
22;1634;NULL
22;1635;NULL
22;1636;NULL
22;1637;NULL
22;1638;NULL
22;1639;NULL
22;1640;NULL
22;1641;NULL
22;1642;NULL
22;1643;NULL
22;1644;NULL
22;1645;NULL
22;1646;NULL
22;1647;NULL
22;1648;NULL
22;1649;NULL
22;1650;NULL
22;1651;NULL
22;1652;NULL
22;1653;NULL
22;1654;NULL
22;1655;NULL
22;1656;NULL
22;1657;NULL
22;1658;NULL
22;1659;NULL
22;1660;NULL
22;1661;NULL
22;1662;NULL
22;1663;NULL
22;1664;NULL
22;1665;NULL
22;1666;NULL
22;1667;NULL
22;1668;NULL
22;1669;NULL
22;1670;NULL
22;1671;NULL
22;1672;NULL
22;1673;NULL
22;1674;NULL
22;1675;NULL
22;1676;NULL
22;1677;NULL
22;1678;NULL
22;1679;NULL
22;1680;NULL
22;1681;NULL
22;1682;NULL
22;1683;NULL
22;1684;NULL
22;1685;NULL
22;1686;NULL
22;1687;NULL
22;1688;NULL
22;1689;NULL
22;1690;NULL
22;1691;NULL
22;1692;NULL
22;1693;NULL
22;1694;NULL
22;1695;NULL
22;1696;NULL
22;1697;NULL
22;1698;NULL
22;1699;NULL
22;1700;NULL
22;1701;NULL
22;1702;NULL
22;1703;NULL
22;1704;NULL
22;1705;NULL
22;1706;NULL
22;1707;NULL
22;1708;NULL
22;1709;NULL
22;1710;NULL
22;1711;NULL
22;1712;NULL
22;1713;NULL
22;1714;NULL
22;1715;NULL
22;1716;NULL
22;1717;NULL
22;1718;NULL
22;1719;NULL
22;1720;NULL
22;1721;NULL
22;1722;NULL
22;1723;NULL
22;1724;NULL
22;1725;NULL
22;1726;NULL
22;1727;NULL
22;1728;NULL
22;1729;NULL
22;1730;NULL
22;1731;NULL
22;1732;NULL
22;1733;NULL
22;1734;NULL
22;1735;NULL
22;1736;NULL
22;1737;NULL
22;1738;NULL
22;1739;NULL
22;1740;NULL
22;1741;NULL
22;1742;NULL
22;1743;NULL
22;1744;NULL
22;1745;NULL
22;1746;NULL
22;1747;NULL
22;1748;NULL
22;1749;NULL
22;1750;NULL
22;1751;NULL
22;1752;NULL
22;1753;NULL
22;1754;NULL
22;1755;NULL
22;1756;NULL
22;1757;NULL
22;1758;NULL
22;1759;NULL
22;1760;NULL
22;1761;NULL
22;1762;NULL
22;1763;NULL
22;1764;NULL
22;1765;NULL
22;1766;NULL
22;1767;NULL
22;1768;NULL
22;1769;NULL
22;1770;NULL
22;1771;NULL
22;1772;NULL
22;1773;NULL
22;1774;NULL
22;1775;NULL
22;1776;NULL
22;1777;NULL
22;1778;NULL
22;1779;NULL
22;1780;NULL
22;1781;NULL
22;1782;NULL
22;1783;NULL
22;1784;NULL
22;1785;NULL
22;1786;NULL
22;1787;NULL
22;1788;NULL
22;1789;NULL
22;1790;NULL
22;1791;NULL
22;1792;NULL
22;1793;NULL
22;1794;NULL
22;1795;NULL
22;1796;NULL
22;1797;NULL
22;1798;NULL
22;1799;NULL
22;1800;NULL
22;1801;NULL
22;1802;NULL
22;1803;NULL
22;1804;NULL
22;1805;NULL
22;1806;NULL
22;1807;NULL
22;1808;NULL
22;1809;NULL
22;1810;NULL
22;1811;NULL
22;1812;NULL
22;1813;NULL
22;1814;NULL
22;1815;NULL
22;1816;NULL
22;1817;NULL
22;1818;NULL
22;1819;NULL
22;1820;NULL
22;1821;NULL
22;1822;NULL
22;1823;NULL
22;1824;NULL
22;1825;NULL
22;1826;NULL
22;1827;NULL
22;1828;NULL
22;1829;NULL
22;1830;NULL
22;1831;NULL
22;1832;NULL
22;1833;NULL
22;1834;NULL
22;1835;NULL
22;1836;NULL
22;1837;NULL
22;1838;NULL
22;1839;NULL
22;1840;NULL
22;1841;NULL
22;1842;NULL
22;1843;NULL
22;1844;NULL
22;1845;NULL
22;1846;NULL
22;1847;NULL
22;1848;NULL
22;1849;NULL
22;1850;NULL
22;1851;NULL
22;1852;NULL
22;1853;NULL
22;1854;NULL
22;1855;NULL
22;1856;NULL
22;1857;NULL
22;1858;NULL
22;1859;NULL
22;1860;NULL
22;1861;NULL
22;1862;NULL
22;1863;NULL
22;1864;NULL
22;1865;NULL
22;1866;NULL
22;1867;NULL
22;1868;NULL
22;1869;NULL
22;1870;NULL
22;1871;NULL
22;1872;NULL
22;1873;NULL
22;1874;NULL
22;1875;NULL
22;1876;NULL
22;1877;NULL
22;1878;NULL
22;1879;NULL
22;1880;NULL
22;1881;NULL
22;1882;NULL
22;1883;NULL
22;1884;NULL
22;1885;NULL
22;1886;NULL
22;1887;NULL
22;1888;NULL
22;1889;NULL
22;1890;NULL
22;1891;NULL
22;1892;NULL
22;1893;NULL
22;1894;NULL
22;1895;NULL
22;1896;NULL
22;1897;NULL
22;1898;NULL
22;1899;NULL
22;1900;NULL
22;1901;NULL
22;1902;NULL
22;1903;NULL
22;1904;NULL
22;1905;NULL
22;1906;NULL
22;1907;NULL
22;1908;NULL
22;1909;NULL
22;1910;NULL
22;1911;NULL
22;1912;NULL
22;1913;NULL
22;1914;NULL
22;1915;NULL
22;1916;NULL
22;1917;NULL
22;1918;NULL
22;1919;NULL
22;1920;NULL
22;1921;NULL
22;1922;NULL
22;1923;NULL
22;1924;NULL
22;1925;NULL
22;1926;NULL
22;1927;NULL
22;1928;NULL
22;1929;NULL
22;1930;NULL
22;1931;NULL
22;1932;NULL
22;1933;NULL
22;1934;NULL
22;1935;NULL
22;1936;NULL
22;1937;NULL
22;1938;NULL
22;1939;NULL
22;1940;NULL
22;1941;NULL
22;1942;NULL
22;1943;NULL
22;1944;NULL
22;1945;NULL
22;1946;NULL
22;1947;NULL
22;1948;NULL
22;1949;NULL
22;1950;NULL
22;1951;NULL
22;1952;NULL
22;1953;NULL
22;1954;NULL
22;1955;NULL
22;1956;NULL
22;1957;NULL
22;1958;NULL
22;1959;NULL
22;1960;NULL
22;1961;NULL
22;1962;NULL
22;1963;NULL
22;1964;NULL
22;1965;NULL
22;1966;NULL
22;1967;NULL
22;1968;NULL
22;1969;NULL
22;1970;NULL
22;1971;NULL
22;1972;NULL
22;1973;NULL
22;1974;NULL
22;1975;NULL
22;1976;NULL
22;1977;NULL
22;1978;NULL
22;1979;NULL
22;1980;NULL
22;1981;NULL
22;1982;NULL
22;1983;NULL
22;1984;NULL
22;1985;NULL
22;1986;NULL
22;1987;NULL
22;1988;NULL
22;1989;NULL
22;1990;NULL
22;1991;NULL
22;1992;NULL
22;1993;NULL
22;1994;NULL
22;1995;NULL
22;1996;NULL
22;1997;NULL
22;1998;NULL
22;1999;NULL
22;2000;NULL
22;2001;NULL
22;2002;NULL
22;2003;NULL
22;2004;NULL
22;2005;NULL
22;2006;NULL
22;2007;NULL
22;2008;NULL
22;2009;NULL
22;2010;NULL
22;2011;NULL
22;2012;NULL
22;2013;NULL
22;2014;NULL
22;2015;NULL
22;2016;NULL
22;2017;NULL
22;2018;NULL
22;2019;NULL
22;2020;NULL
22;2021;NULL
22;2022;NULL
22;2023;NULL
22;2024;NULL
22;2025;NULL
22;2026;NULL
22;2027;NULL
22;2028;NULL
22;2029;NULL
22;2030;NULL
22;2031;NULL
22;2032;NULL
22;2033;NULL
22;2034;NULL
22;2035;NULL
22;2036;NULL
22;2037;NULL
22;2038;NULL
22;2039;NULL
22;2040;NULL
22;2041;NULL
22;2042;NULL
22;2043;NULL
22;2044;NULL
22;2045;NULL
22;2046;NULL
22;2047;NULL
22;2048;NULL
22;2049;NULL
22;2050;NULL
22;2051;NULL
22;2052;NULL
22;2053;NULL
22;2054;NULL
22;2055;NULL
22;2056;NULL
22;2057;NULL
22;2058;NULL
22;2059;NULL
22;2060;NULL
22;2061;NULL
22;2062;NULL
22;2063;NULL
22;2064;NULL
22;2065;NULL
22;2066;NULL
22;2067;NULL
22;2068;NULL
22;2069;NULL
22;2070;NULL
22;2071;NULL
22;2072;NULL
22;2073;NULL
22;2074;NULL
22;2075;NULL
22;2076;NULL
22;2077;NULL
22;2078;NULL
22;2079;NULL
22;2080;NULL
22;2081;NULL
22;2082;NULL
22;2083;NULL
22;2084;NULL
22;2085;NULL
22;2086;NULL
22;2087;NULL
22;2088;NULL
22;2089;NULL
22;2090;NULL
22;2091;NULL
22;2092;NULL
22;2093;NULL
22;2094;NULL
22;2095;NULL
22;2096;NULL
22;2097;NULL
22;2098;NULL
22;2099;NULL
22;2100;NULL
22;2101;NULL
22;2102;NULL
22;2103;NULL
22;2104;NULL
22;2105;NULL
22;2106;NULL
22;2107;NULL
22;2108;NULL
22;2109;NULL
22;2110;NULL
22;2111;NULL
22;2112;NULL
22;2113;NULL
22;2114;NULL
22;2115;NULL
22;2116;NULL
22;2117;NULL
22;2118;NULL
22;2119;NULL
22;2120;NULL
22;2121;NULL
22;2122;NULL
22;2123;NULL
22;2124;NULL
22;2125;NULL
22;2126;NULL
22;2127;NULL
22;2128;NULL
22;2129;NULL
22;2130;NULL
22;2131;NULL
22;2132;NULL
22;2133;NULL
22;2134;NULL
22;2135;NULL
22;2136;NULL
22;2137;NULL
22;2138;NULL
22;2139;NULL
22;2140;NULL
22;2141;NULL
22;2142;NULL
22;2143;NULL
22;2144;NULL
22;2145;NULL
22;2146;NULL
22;2147;NULL
22;2148;NULL
22;2149;NULL
22;2150;NULL
22;2151;NULL
22;2152;NULL
22;2153;NULL
22;2154;NULL
22;2155;NULL
22;2156;NULL
22;2157;NULL
22;2158;NULL
22;2159;NULL
22;2160;NULL
22;2161;NULL
22;2162;NULL
22;2163;NULL
22;2164;NULL
22;2165;NULL
22;2166;NULL
22;2167;NULL
22;2168;NULL
22;2169;NULL
22;2170;NULL
22;2171;NULL
22;2172;NULL
22;2173;NULL
22;2174;NULL
22;2175;NULL
22;2176;NULL
22;2177;NULL
22;2178;NULL
22;2179;NULL
22;2180;NULL
22;2181;NULL
22;2182;NULL
22;2183;NULL
22;2184;NULL
22;2185;NULL
22;2186;NULL
22;2187;NULL
22;2188;NULL
22;2189;NULL
22;2190;NULL
22;2191;NULL
22;2192;NULL
22;2193;NULL
22;2194;NULL
22;2195;NULL
22;2196;NULL
22;2197;NULL
22;2198;NULL
22;2199;NULL
22;2200;NULL
22;2201;NULL
22;2202;NULL
22;2203;NULL
22;2204;NULL
22;2205;NULL
22;2206;NULL
22;2207;NULL
22;2208;NULL
22;2209;NULL
22;2210;NULL
22;2211;NULL
22;2212;NULL
22;2213;NULL
22;2214;NULL
22;2215;NULL
22;2216;NULL
22;2217;NULL
22;2218;NULL
22;2219;NULL
22;2220;NULL
22;2221;NULL
22;2222;NULL
22;2223;NULL
22;2224;NULL
22;2225;NULL
22;2226;NULL
22;2227;NULL
22;2228;NULL
22;2229;NULL
22;2230;NULL
22;2231;NULL
22;2232;NULL
22;2233;NULL
22;2234;NULL
22;2235;NULL
22;2236;NULL
22;2237;NULL
22;2238;NULL
22;2239;NULL
22;2240;NULL
22;2241;NULL
22;2242;NULL
22;2243;NULL
22;2244;NULL
22;2245;NULL
22;2246;NULL
22;2247;NULL
22;2248;NULL
22;2249;NULL
22;2250;NULL
22;2251;NULL
22;2252;NULL
22;2253;NULL
22;2254;NULL
22;2255;NULL
22;2256;NULL
22;2257;NULL
22;2258;NULL
22;2259;NULL
22;2260;NULL
22;2261;NULL
22;2262;NULL
22;2263;NULL
22;2264;NULL
22;2265;NULL
22;2266;NULL
22;2267;NULL
22;2268;NULL
22;2269;NULL
22;2270;NULL
22;2271;NULL
22;2272;NULL
22;2273;NULL
22;2274;NULL
22;2275;NULL
22;2276;NULL
22;2277;NULL
22;2278;NULL
22;2279;NULL
22;2280;NULL
22;2281;NULL
22;2282;NULL
22;2283;NULL
22;2284;NULL
22;2285;NULL
22;2286;NULL
22;2287;NULL
22;2288;NULL
22;2289;NULL
22;2290;NULL
22;2291;NULL
22;2292;NULL
22;2293;NULL
22;2294;NULL
22;2295;NULL
22;2296;NULL
22;2297;NULL
22;2298;NULL
22;2299;NULL
22;2300;NULL
22;2301;NULL
22;2302;NULL
22;2303;NULL
22;2304;NULL
22;2305;NULL
22;2306;NULL
22;2307;NULL
22;2308;NULL
22;2309;NULL
22;2310;NULL
22;2311;NULL
22;2312;NULL
22;2313;NULL
22;2314;NULL
22;2315;NULL
22;2316;NULL
22;2317;NULL
22;2318;NULL
22;2319;NULL
22;2320;NULL
22;2321;NULL
22;2322;NULL
22;2323;NULL
22;2324;NULL
22;2325;NULL
22;2326;NULL
22;2327;NULL
22;2328;NULL
22;2329;NULL
22;2330;NULL
22;2331;NULL
22;2332;NULL
22;2333;NULL
22;2334;NULL
22;2335;NULL
22;2336;NULL
22;2337;NULL
22;2338;NULL
22;2339;NULL
22;2340;NULL
22;2341;NULL
22;2342;NULL
22;2343;NULL
22;2344;NULL
22;2345;NULL
22;2346;NULL
22;2347;NULL
22;2348;NULL
22;2349;NULL
22;2350;NULL
22;2351;NULL
22;2352;NULL
22;2353;NULL
22;2354;NULL
22;2355;NULL
22;2356;NULL
22;2357;NULL
22;2358;NULL
22;2359;NULL
22;2360;NULL
22;2361;NULL
22;2362;NULL
22;2363;NULL
22;2364;NULL
22;2365;NULL
22;2366;NULL
22;2367;NULL
22;2368;NULL
22;2369;NULL
22;2370;NULL
22;2371;NULL
22;2372;NULL
22;2373;NULL
22;2374;NULL
22;2375;NULL
22;2376;NULL
22;2377;NULL
22;2378;NULL
22;2379;NULL
22;2380;NULL
22;2381;NULL
22;2382;NULL
22;2383;NULL
22;2384;NULL
22;2385;NULL
22;2386;NULL
22;2387;NULL
22;2388;NULL
22;2389;NULL
22;2390;NULL
22;2391;NULL
22;2392;NULL
22;2393;NULL
22;2394;NULL
22;2395;NULL
22;2396;NULL
22;2397;NULL
22;2398;NULL
22;2399;NULL
22;2400;NULL
22;2401;NULL
22;2402;NULL
22;2403;NULL
22;2404;NULL
22;2405;NULL
22;2406;NULL
22;2407;NULL
22;2408;NULL
22;2409;NULL
22;2410;NULL
22;2411;NULL
22;2412;NULL
22;2413;NULL
22;2414;NULL
22;2415;NULL
22;2416;NULL
22;2417;NULL
22;2418;NULL
22;2419;NULL
22;2420;NULL
22;2421;NULL
22;2422;NULL
22;2423;NULL
22;2424;NULL
22;2425;NULL
22;2426;NULL
22;2427;NULL
22;2428;NULL
22;2429;NULL
22;2430;NULL
22;2431;NULL
22;2432;NULL
22;2433;NULL
22;2434;NULL
22;2435;NULL
22;2436;NULL
22;2437;NULL
22;2438;NULL
22;2439;NULL
22;2440;NULL
22;2441;NULL
22;2442;NULL
22;2443;NULL
22;2444;NULL
22;2445;NULL
22;2446;NULL
22;2447;NULL
22;2448;NULL
22;2449;NULL
22;2450;NULL
22;2451;NULL
22;2452;NULL
22;2453;NULL
22;2454;NULL
22;2455;NULL
22;2456;NULL
22;2457;NULL
22;2458;NULL
22;2459;NULL
22;2460;NULL
22;2461;NULL
22;2462;NULL
22;2463;NULL
22;2464;NULL
22;2465;NULL
22;2466;NULL
22;2467;NULL
22;2468;NULL
22;2469;NULL
22;2470;NULL
22;2471;NULL
22;2472;NULL
22;2473;NULL
22;2474;NULL
22;2475;NULL
22;2476;NULL
22;2477;NULL
22;2478;NULL
22;2479;NULL
22;2480;NULL
22;2481;NULL
22;2482;NULL
22;2483;NULL
22;2484;NULL
22;2485;NULL
22;2486;NULL
22;2487;NULL
22;2488;NULL
22;2489;NULL
22;2490;NULL
22;2491;NULL
22;2492;NULL
22;2493;NULL
22;2494;NULL
22;2495;NULL
22;2496;NULL
22;2497;NULL
22;2498;NULL
22;2499;NULL
22;2500;NULL
22;2501;NULL
22;2502;NULL
22;2503;NULL
22;2504;NULL
22;2505;NULL
22;2506;NULL
22;2507;NULL
22;2508;NULL
22;2509;NULL
22;2510;NULL
22;2511;NULL
22;2512;NULL
22;2513;NULL
22;2514;NULL
22;2515;NULL
22;2516;NULL
22;2517;NULL
22;2518;NULL
22;2519;NULL
22;2520;NULL
22;2521;NULL
22;2522;NULL
22;2523;NULL
22;2524;NULL
22;2525;NULL
22;2526;NULL
22;2527;NULL
22;2528;NULL
22;2529;NULL
22;2530;NULL
22;2531;NULL
22;2532;NULL
22;2533;NULL
22;2534;NULL
22;2535;NULL
22;2536;NULL
22;2537;NULL
22;2538;NULL
22;2539;NULL
22;2540;NULL
22;2541;NULL
22;2542;NULL
22;2543;NULL
22;2544;NULL
22;2545;NULL
22;2546;NULL
22;2547;NULL
22;2548;NULL
22;2549;NULL
22;2550;NULL
22;2551;NULL
22;2552;NULL
22;2553;NULL
22;2554;NULL
22;2555;NULL
22;2556;NULL
22;2557;NULL
22;2558;NULL
22;2559;NULL
22;2560;NULL
22;2561;NULL
22;2562;NULL
22;2563;NULL
22;2564;NULL
22;2565;NULL
22;2566;NULL
22;2567;NULL
22;2568;NULL
22;2569;NULL
22;2570;NULL
22;2571;NULL
22;2572;NULL
22;2573;NULL
22;2574;NULL
22;2575;NULL
22;2576;NULL
22;2577;NULL
22;2578;NULL
22;2579;NULL
22;2580;NULL
22;2581;NULL
22;2582;NULL
22;2583;NULL
22;2584;NULL
22;2585;NULL
22;2586;NULL
22;2587;NULL
22;2588;NULL
22;2589;NULL
22;2590;NULL
22;2591;NULL
22;2592;NULL
22;2593;NULL
22;2594;NULL
22;2595;NULL
22;2596;NULL
22;2597;NULL
22;2598;NULL
22;2599;NULL
22;2600;NULL
22;2601;NULL
22;2602;NULL
22;2603;NULL
22;2604;NULL
22;2605;NULL
22;2606;NULL
22;2607;NULL
22;2608;NULL
22;2609;NULL
22;2610;NULL
22;2611;NULL
22;2612;NULL
22;2613;NULL
22;2614;NULL
22;2615;NULL
22;2616;NULL
22;2617;NULL
22;2618;NULL
22;2619;NULL
22;2620;NULL
22;2621;NULL
22;2622;NULL
22;2623;NULL
22;2624;NULL
22;2625;NULL
22;2626;NULL
22;2627;NULL
22;2628;NULL
22;2629;NULL
22;2630;NULL
22;2631;NULL
22;2632;NULL
22;2633;NULL
22;2634;NULL
22;2635;NULL
22;2636;NULL
22;2637;NULL
22;2638;NULL
22;2639;NULL
22;2640;NULL
22;2641;NULL
22;2642;NULL
22;2643;NULL
22;2644;NULL
22;2645;NULL
22;2646;NULL
22;2647;NULL
22;2648;NULL
22;2649;NULL
22;2650;NULL
22;2651;NULL
22;2652;NULL
22;2653;NULL
22;2654;NULL
22;2655;NULL
22;2656;NULL
22;2657;NULL
22;2658;NULL
22;2659;NULL
22;2660;NULL
22;2661;NULL
22;2662;NULL
22;2663;NULL
22;2664;NULL
22;2665;NULL
22;2666;NULL
22;2667;NULL
22;2668;NULL
22;2669;NULL
22;2670;NULL
22;2671;NULL
22;2672;NULL
22;2673;NULL
22;2674;NULL
22;2675;NULL
22;2676;NULL
22;2677;NULL
22;2678;NULL
22;2679;NULL
22;2680;NULL
22;2681;NULL
22;2682;NULL
22;2683;NULL
22;2684;NULL
22;2685;NULL
22;2686;NULL
22;2687;NULL
22;2688;NULL
22;2689;NULL
22;2690;NULL
22;2691;NULL
22;2692;NULL
22;2693;NULL
22;2694;NULL
22;2695;NULL
22;2696;NULL
22;2697;NULL
22;2698;NULL
22;2699;NULL
22;2700;NULL
22;2701;NULL
22;2702;NULL
22;2703;NULL
22;2704;NULL
22;2705;NULL
22;2706;NULL
22;2707;NULL
22;2708;NULL
22;2709;NULL
22;2710;NULL
22;2711;NULL
22;2712;NULL
22;2713;NULL
22;2714;NULL
22;2715;NULL
22;2716;NULL
22;2717;NULL
22;2718;NULL
22;2719;NULL
22;2720;NULL
22;2721;NULL
22;2722;NULL
22;2723;NULL
22;2724;NULL
22;2725;NULL
22;2726;NULL
22;2727;NULL
22;2728;NULL
22;2729;NULL
22;2730;NULL
22;2731;NULL
22;2732;NULL
22;2733;NULL
22;2734;NULL
22;2735;NULL
22;2736;NULL
22;2737;NULL
22;2738;NULL
22;2739;NULL
22;2740;NULL
22;2741;NULL
22;2742;NULL
22;2743;NULL
22;2744;NULL
22;2745;NULL
22;2746;NULL
22;2747;NULL
22;2748;NULL
22;2749;NULL
22;2750;NULL
22;2751;NULL
22;2752;NULL
22;2753;NULL
22;2754;NULL
22;2755;NULL
22;2756;NULL
22;2757;NULL
22;2758;NULL
22;2759;NULL
22;2760;NULL
22;2761;NULL
22;2762;NULL
22;2763;NULL
22;2764;NULL
22;2765;NULL
22;2766;NULL
22;2767;NULL
22;2768;NULL
22;2769;NULL
22;2770;NULL
22;2771;NULL
22;2772;NULL
22;2773;NULL
22;2774;NULL
22;2775;NULL
22;2776;NULL
22;2777;NULL
22;2778;NULL
22;2779;NULL
22;2780;NULL
22;2781;NULL
22;2782;NULL
22;2783;NULL
22;2784;NULL
22;2785;NULL
22;2786;NULL
22;2787;NULL
22;2788;NULL
22;2789;NULL
22;2790;NULL
22;2791;NULL
22;2792;NULL
22;2793;NULL
22;2794;NULL
22;2795;NULL
22;2796;NULL
22;2797;NULL
22;2798;NULL
22;2799;NULL
22;2800;NULL
22;2801;NULL
22;2802;NULL
22;2803;NULL
22;2804;NULL
22;2805;NULL
22;2806;NULL
22;2807;NULL
22;2808;NULL
22;2809;NULL
22;2810;NULL
22;2811;NULL
22;2812;NULL
22;2813;NULL
22;2814;NULL
22;2815;NULL
22;2816;NULL
22;2817;NULL
22;2818;NULL
22;2819;NULL
22;2820;NULL
22;2821;NULL
22;2822;NULL
22;2823;NULL
22;2824;NULL
22;2825;NULL
22;2826;NULL
22;2827;NULL
22;2828;NULL
22;2829;NULL
22;2830;NULL
22;2831;NULL
22;2832;NULL
22;2833;NULL
22;2834;NULL
22;2835;NULL
22;2836;NULL
22;2837;NULL
22;2838;NULL
22;2839;NULL
22;2840;NULL
22;2841;NULL
22;2842;NULL
22;2843;NULL
22;2844;NULL
22;2845;NULL
22;2846;NULL
22;2847;NULL
22;2848;NULL
22;2849;NULL
22;2850;NULL
22;2851;NULL
22;2852;NULL
22;2853;NULL
22;2854;NULL
22;2855;NULL
22;2856;NULL
22;2857;NULL
22;2858;NULL
22;2859;NULL
22;2860;NULL
22;2861;NULL
22;2862;NULL
22;2863;NULL
22;2864;NULL
22;2865;NULL
22;2866;NULL
22;2867;NULL
22;2868;NULL
22;2869;NULL
22;2870;NULL
22;2871;NULL
22;2872;NULL
22;2873;NULL
22;2874;NULL
22;2875;NULL
22;2876;NULL
22;2877;NULL
22;2878;NULL
22;2879;NULL
22;2880;NULL
22;2881;NULL
22;2882;NULL
22;2883;NULL
22;2884;NULL
22;2885;NULL
22;2886;NULL
22;2887;NULL
22;2888;NULL
22;2889;NULL
22;2890;NULL
22;2891;NULL
22;2892;NULL
22;2893;NULL
22;2894;NULL
22;2895;NULL
22;2896;NULL
22;2897;NULL
22;2898;NULL
22;2899;NULL
22;2900;NULL
22;2901;NULL
22;2902;NULL
22;2903;NULL
22;2904;NULL
22;2905;NULL
22;2906;NULL
22;2907;NULL
22;2908;NULL
22;2909;NULL
22;2910;NULL
22;2911;NULL
22;2912;NULL
22;2913;NULL
22;2914;NULL
22;2915;NULL
22;2916;NULL
22;2917;NULL
22;2918;NULL
22;2919;NULL
22;2920;NULL
22;2921;NULL
22;2922;NULL
22;2923;NULL
22;2924;NULL
22;2925;NULL
22;2926;NULL
22;2927;NULL
22;2928;NULL
22;2929;NULL
22;2930;NULL
22;2931;NULL
22;2932;NULL
22;2933;NULL
22;2934;NULL
22;2935;NULL
22;2936;NULL
22;2937;NULL
22;2938;NULL
22;2939;NULL
22;2940;NULL
22;2941;NULL
22;2942;NULL
22;2943;NULL
22;2944;NULL
22;2945;NULL
22;2946;NULL
22;2947;NULL
22;2948;NULL
22;2949;NULL
22;2950;NULL
22;2951;NULL
22;2952;NULL
22;2953;NULL
22;2954;NULL
22;2955;NULL
22;2956;NULL
22;2957;NULL
22;2958;NULL
22;2959;NULL
22;2960;NULL
22;2961;NULL
22;2962;NULL
22;2963;NULL
22;2964;NULL
22;2965;NULL
22;2966;NULL
22;2967;NULL
22;2968;NULL
22;2969;NULL
22;2970;NULL
22;2971;NULL
22;2972;NULL
22;2973;NULL
22;2974;NULL
22;2975;NULL
22;2976;NULL
22;2977;NULL
22;2978;NULL
22;2979;NULL
22;2980;NULL
22;2981;NULL
22;2982;NULL
22;2983;NULL
22;2984;NULL
22;2985;NULL
22;2986;NULL
22;2987;NULL
22;2988;NULL
22;2989;NULL
22;2990;NULL
22;2991;NULL
22;2992;NULL
22;2993;NULL
22;2994;NULL
22;2995;NULL
22;2996;NULL
22;2997;NULL
22;2998;NULL
22;2999;NULL
22;3000;NULL
22;3001;NULL
22;3002;NULL
22;3003;NULL
22;3004;NULL
22;3005;NULL
22;3006;NULL
22;3007;NULL
22;3008;NULL
22;3009;NULL
22;3010;NULL
22;3011;NULL
22;3012;NULL
22;3013;NULL
22;3014;NULL
22;3015;NULL
22;3016;NULL
22;3017;NULL
22;3018;NULL
22;3019;NULL
22;3020;NULL
22;3021;NULL
22;3022;NULL
22;3023;NULL
22;3024;NULL
22;3025;NULL
22;3026;NULL
22;3027;NULL
22;3028;NULL
22;3029;NULL
22;3030;NULL
22;3031;NULL
22;3032;NULL
22;3033;NULL
22;3034;NULL
22;3035;NULL
22;3036;NULL
22;3037;NULL
22;3038;NULL
22;3039;NULL
22;3040;NULL
22;3041;NULL
22;3042;NULL
22;3043;NULL
22;3044;NULL
22;3045;NULL
22;3046;NULL
22;3047;NULL
22;3048;NULL
22;3049;NULL
22;3050;NULL
22;3051;NULL
22;3052;NULL
22;3053;NULL
22;3054;NULL
22;3055;NULL
22;3056;NULL
22;3057;NULL
22;3058;NULL
22;3059;NULL
22;3060;NULL
22;3061;NULL
22;3062;NULL
22;3063;NULL
22;3064;NULL
22;3065;NULL
22;3066;NULL
22;3067;NULL
22;3068;NULL
22;3069;NULL
22;3070;NULL
22;3071;NULL
22;3072;NULL
22;3073;NULL
22;3074;NULL
22;3075;NULL
22;3076;NULL
22;3077;NULL
22;3078;NULL
22;3079;NULL
22;3080;NULL
22;3081;NULL
22;3082;NULL
22;3083;NULL
22;3084;NULL
22;3085;NULL
22;3086;NULL
22;3087;NULL
22;3088;NULL
22;3089;NULL
22;3090;NULL
22;3091;NULL
22;3092;NULL
22;3093;NULL
22;3094;NULL
22;3095;NULL
22;3096;NULL
22;3097;NULL
22;3098;NULL
22;3099;NULL
22;3100;NULL
22;3101;NULL
22;3102;NULL
22;3103;NULL
22;3104;NULL
22;3105;NULL
22;3106;NULL
22;3107;NULL
22;3108;NULL
22;3109;NULL
22;3110;NULL
22;3111;NULL
22;3112;NULL
22;3113;NULL
22;3114;NULL
22;3115;NULL
22;3116;NULL
22;3117;NULL
22;3118;NULL
22;3119;NULL
22;3120;NULL
22;3121;NULL
22;3122;NULL
22;3123;NULL
22;3124;NULL
22;3125;NULL
22;3126;NULL
22;3127;NULL
22;3128;NULL
22;3129;NULL
22;3130;NULL
22;3131;NULL
22;3132;NULL
22;3133;NULL
22;3134;NULL
22;3135;NULL
22;3136;NULL
22;3137;NULL
22;3138;NULL
22;3139;NULL
22;3140;NULL
22;3141;NULL
22;3142;NULL
22;3143;NULL
22;3144;NULL
22;3145;NULL
22;3146;NULL
22;3147;NULL
22;3148;NULL
22;3149;NULL
22;3150;NULL
22;3151;NULL
22;3152;NULL
22;3153;NULL
22;3154;NULL
22;3155;NULL
22;3156;NULL
22;3157;NULL
22;3158;NULL
22;3159;NULL
22;3160;NULL
22;3161;NULL
22;3162;NULL
22;3163;NULL
22;3164;NULL
22;3165;NULL
22;3166;NULL
22;3167;NULL
22;3168;NULL
22;3169;NULL
22;3170;NULL
22;3171;NULL
22;3172;NULL
22;3173;NULL
22;3174;NULL
22;3175;NULL
22;3176;NULL
22;3177;NULL
22;3178;NULL
22;3179;NULL
22;3180;NULL
22;3181;NULL
22;3182;NULL
22;3183;NULL
22;3184;NULL
22;3185;NULL
22;3186;NULL
22;3187;NULL
22;3188;NULL
22;3189;NULL
22;3190;NULL
22;3191;NULL
22;3192;NULL
22;3193;NULL
22;3194;NULL
22;3195;NULL
22;3196;NULL
22;3197;NULL
22;3198;NULL
22;3199;NULL
22;3200;NULL
22;3201;NULL
22;3202;NULL
22;3203;NULL
22;3204;NULL
22;3205;NULL
22;3206;NULL
22;3207;NULL
22;3208;NULL
22;3209;NULL
22;3210;NULL
22;3211;NULL
22;3212;NULL
22;3213;NULL
22;3214;NULL
22;3215;NULL
22;3216;NULL
22;3217;NULL
22;3218;NULL
22;3219;NULL
22;3220;NULL
22;3221;NULL
22;3222;NULL
22;3223;NULL
22;3224;NULL
22;3225;NULL
22;3226;NULL
22;3227;NULL
22;3228;NULL
22;3229;NULL
22;3230;NULL
22;3231;NULL
22;3232;NULL
22;3233;NULL
22;3234;NULL
22;3235;NULL
22;3236;NULL
22;3237;NULL
22;3238;NULL
22;3239;NULL
22;3240;NULL
22;3241;NULL
22;3242;NULL
22;3243;NULL
22;3244;NULL
22;3245;NULL
22;3246;NULL
22;3247;NULL
22;3248;NULL
22;3249;NULL
22;3250;NULL
22;3251;NULL
22;3252;NULL
22;3253;NULL
22;3254;NULL
22;3255;NULL
22;3256;NULL
22;3257;NULL
22;3258;NULL
22;3259;NULL
22;3260;NULL
22;3261;NULL
22;3262;NULL
22;3263;NULL
22;3264;NULL
22;3265;NULL
22;3266;NULL
22;3267;NULL
22;3268;NULL
22;3269;NULL
22;3270;NULL
22;3271;NULL
22;3272;NULL
22;3273;NULL
22;3274;NULL
22;3275;NULL
22;3276;NULL
22;3277;NULL
22;3278;NULL
22;3279;NULL
22;3280;NULL
22;3281;NULL
22;3282;NULL
22;3283;NULL
22;3284;NULL
22;3285;NULL
22;3286;NULL
22;3287;NULL
22;3288;NULL
22;3289;NULL
22;3290;NULL
22;3291;NULL
22;3292;NULL
22;3293;NULL
22;3294;NULL
22;3295;NULL
22;3296;NULL
22;3297;NULL
22;3298;NULL
22;3299;NULL
22;3300;NULL
22;3301;NULL
22;3302;NULL
22;3303;NULL
22;3304;NULL
22;3305;NULL
22;3306;NULL
22;3307;NULL
22;3308;NULL
22;3309;NULL
22;3310;NULL
22;3311;NULL
22;3312;NULL
22;3313;NULL
22;3314;NULL
22;3315;NULL
22;3316;NULL
22;3317;NULL
22;3318;NULL
22;3319;NULL
22;3320;NULL
22;3321;NULL
22;3322;NULL
22;3323;NULL
22;3324;NULL
22;3325;NULL
22;3326;NULL
22;3327;NULL
22;3328;NULL
22;3329;NULL
22;3330;NULL
22;3331;NULL
22;3332;NULL
22;3333;NULL
22;3334;NULL
22;3335;NULL
22;3336;NULL
22;3337;NULL
22;3338;NULL
22;3339;NULL
22;3340;NULL
22;3341;NULL
22;3342;NULL
22;3343;NULL
22;3344;NULL
22;3345;NULL
22;3346;NULL
22;3347;NULL
22;3348;NULL
22;3349;NULL
22;3350;NULL
22;3351;NULL
22;3352;NULL
22;3353;NULL
22;3354;NULL
22;3355;NULL
22;3356;NULL
22;3357;NULL
22;3358;NULL
22;3359;NULL
22;3360;NULL
22;3361;NULL
22;3362;NULL
22;3363;NULL
22;3364;NULL
22;3365;NULL
22;3366;NULL
22;3367;NULL
22;3368;NULL
22;3369;NULL
22;3370;NULL
22;3371;NULL
22;3372;NULL
22;3373;NULL
22;3374;NULL
22;3375;NULL
22;3376;NULL
22;3377;NULL
22;3378;NULL
22;3379;NULL
22;3380;NULL
22;3381;NULL
22;3382;NULL
22;3383;NULL
22;3384;NULL
22;3385;NULL
22;3386;NULL
22;3387;NULL
22;3388;NULL
22;3389;NULL
22;3390;NULL
22;3391;NULL
22;3392;NULL
22;3393;NULL
22;3394;NULL
22;3395;NULL
22;3396;NULL
22;3397;NULL
22;3398;NULL
22;3399;NULL
22;3400;NULL
22;3401;NULL
22;3402;NULL
22;3403;NULL
22;3404;NULL
22;3405;NULL
22;3406;NULL
22;3407;NULL
22;3408;NULL
22;3409;NULL
22;3410;NULL
22;3411;NULL
22;3412;NULL
22;3413;NULL
22;3414;NULL
22;3415;NULL
22;3416;NULL
22;3417;NULL
22;3418;NULL
22;3419;NULL
22;3420;NULL
22;3421;NULL
22;3422;NULL
22;3423;NULL
22;3424;NULL
22;3425;NULL
22;3426;NULL
22;3427;NULL
22;3428;NULL
22;3429;NULL
22;3430;NULL
22;3431;NULL
22;3432;NULL
22;3433;NULL
22;3434;NULL
22;3435;NULL
22;3436;NULL
22;3437;NULL
22;3438;NULL
22;3439;NULL
22;3440;NULL
22;3441;NULL
22;3442;NULL
22;3443;NULL
22;3444;NULL
22;3445;NULL
22;3446;NULL
22;3447;NULL
22;3448;NULL
22;3449;NULL
22;3450;NULL
22;3451;NULL
22;3452;NULL
22;3453;NULL
22;3454;NULL
22;3455;NULL
22;3456;NULL
22;3457;NULL
22;3458;NULL
22;3459;NULL
22;3460;NULL
22;3461;NULL
22;3462;NULL
22;3463;NULL
22;3464;NULL
22;3465;NULL
22;3466;NULL
22;3467;NULL
22;3468;NULL
22;3469;NULL
22;3470;NULL
22;3471;NULL
22;3472;NULL
22;3473;NULL
22;3474;NULL
22;3475;NULL
22;3476;NULL
22;3477;NULL
22;3478;NULL
22;3479;NULL
22;3480;NULL
22;3481;NULL
22;3482;NULL
22;3483;NULL
22;3484;NULL
22;3485;NULL
22;3486;NULL
22;3487;NULL
22;3488;NULL
22;3489;NULL
22;3490;NULL
22;3491;NULL
22;3492;NULL
22;3493;NULL
22;3494;NULL
22;3495;NULL
22;3496;NULL
22;3497;NULL
22;3498;NULL
22;3499;NULL
22;3500;NULL
22;3501;NULL
22;3502;NULL
22;3503;NULL
22;3504;NULL
22;3505;NULL
22;3506;NULL
22;3507;NULL
22;3508;NULL
22;3509;NULL
22;3510;NULL
22;3511;NULL
22;3512;NULL
22;3513;NULL
22;3514;NULL
22;3515;NULL
22;3516;NULL
22;3517;NULL
22;3518;NULL
22;3519;NULL
22;3520;NULL
22;3521;NULL
22;3522;NULL
22;3523;NULL
22;3524;NULL
22;3525;NULL
22;3526;NULL
22;3527;NULL
22;3528;NULL
22;3529;NULL
22;3530;NULL
22;3531;NULL
22;3532;NULL
22;3533;NULL
22;3534;NULL
22;3535;NULL
22;3536;NULL
22;3537;NULL
22;3538;NULL
22;3539;NULL
22;3540;NULL
22;3541;NULL
22;3542;NULL
22;3543;NULL
22;3544;NULL
22;3545;NULL
22;3546;NULL
22;3547;NULL
22;3548;NULL
22;3549;NULL
22;3550;NULL
22;3551;NULL
22;3552;NULL
22;3553;NULL
22;3554;NULL
22;3555;NULL
22;3556;NULL
22;3557;NULL
22;3558;NULL
22;3559;NULL
22;3560;NULL
22;3561;NULL
22;3562;NULL
22;3563;NULL
22;3564;NULL
22;3565;NULL
22;3566;NULL
22;3567;NULL
22;3568;NULL
22;3569;NULL
22;3570;NULL
22;3571;NULL
22;3572;NULL
22;3573;NULL
22;3574;NULL
22;3575;NULL
22;3576;NULL
22;3577;NULL
22;3578;NULL
22;3579;NULL
22;3580;NULL
22;3581;NULL
22;3582;NULL
22;3583;NULL
22;3584;NULL
22;3585;NULL
22;3586;NULL
22;3587;NULL
22;3588;NULL
22;3589;NULL
22;3590;NULL
22;3591;NULL
22;3592;NULL
22;3593;NULL
22;3594;NULL
22;3595;NULL
22;3596;NULL
22;3597;NULL
22;3598;NULL
22;3599;NULL
22;3600;NULL
22;3601;NULL
22;3602;NULL
22;3603;NULL
22;3604;NULL
22;3605;NULL
22;3606;NULL
22;3607;NULL
22;3608;NULL
22;3609;NULL
22;3610;NULL
22;3611;NULL
22;3612;NULL
22;3613;NULL
22;3614;NULL
22;3615;NULL
22;3616;NULL
22;3617;NULL
22;3618;NULL
22;3619;NULL
22;3620;NULL
22;3621;NULL
22;3622;NULL
22;3623;NULL
22;3624;NULL
22;3625;NULL
22;3626;NULL
22;3627;NULL
22;3628;NULL
22;3629;NULL
22;3630;NULL
22;3631;NULL
22;3632;NULL
22;3633;NULL
22;3634;NULL
22;3635;NULL
22;3636;NULL
22;3637;NULL
22;3638;NULL
22;3639;NULL
22;3640;NULL
22;3641;NULL
22;3642;NULL
22;3643;NULL
22;3644;NULL
22;3645;NULL
22;3646;NULL
22;3647;NULL
22;3648;NULL
22;3649;NULL
22;3650;NULL
22;3651;NULL
22;3652;NULL
22;3653;NULL
22;3654;NULL
22;3655;NULL
22;3656;NULL
22;3657;NULL
22;3658;NULL
22;3659;NULL
22;3660;NULL
22;3661;NULL
22;3662;NULL
22;3663;NULL
22;3664;NULL
22;3665;NULL
22;3666;NULL
22;3667;NULL
22;3668;NULL
22;3669;NULL
22;3670;NULL
22;3671;NULL
22;3672;NULL
22;3673;NULL
22;3674;NULL
22;3675;NULL
22;3676;NULL
22;3677;NULL
22;3678;NULL
22;3679;NULL
22;3680;NULL
22;3681;NULL
22;3682;NULL
22;3683;NULL
22;3684;NULL
22;3685;NULL
22;3686;NULL
22;3687;NULL
22;3688;NULL
22;3689;NULL
22;3690;NULL
22;3691;NULL
22;3692;NULL
22;3693;NULL
22;3694;NULL
22;3695;NULL
22;3696;NULL
22;3697;NULL
22;3698;NULL
22;3699;NULL
22;3700;NULL
22;3701;NULL
22;3702;NULL
22;3703;NULL
22;3704;NULL
22;3705;NULL
22;3706;NULL
22;3707;NULL
22;3708;NULL
22;3709;NULL
22;3710;NULL
22;3711;NULL
22;3712;NULL
22;3713;NULL
22;3714;NULL
22;3715;NULL
22;3716;NULL
22;3717;NULL
22;3718;NULL
22;3719;NULL
22;3720;NULL
22;3721;NULL
22;3722;NULL
22;3723;NULL
22;3724;NULL
22;3725;NULL
22;3726;NULL
22;3727;NULL
22;3728;NULL
22;3729;NULL
22;3730;NULL
22;3731;NULL
22;3732;NULL
22;3733;NULL
22;3734;NULL
22;3735;NULL
22;3736;NULL
22;3737;NULL
22;3738;NULL
22;3739;NULL
22;3740;NULL
22;3741;NULL
22;3742;NULL
22;3743;NULL
22;3744;NULL
22;3745;NULL
22;3746;NULL
22;3747;NULL
22;3748;NULL
22;3749;NULL
22;3750;NULL
22;3751;NULL
22;3752;NULL
22;3753;NULL
22;3754;NULL
22;3755;NULL
22;3756;NULL
22;3757;NULL
22;3758;NULL
22;3759;NULL
22;3760;NULL
22;3761;NULL
22;3762;NULL
22;3763;NULL
22;3764;NULL
22;3765;NULL
22;3766;NULL
22;3767;NULL
22;3768;NULL
22;3769;NULL
22;3770;NULL
22;3771;NULL
22;3772;NULL
22;3773;NULL
22;3774;NULL
22;3775;NULL
22;3776;NULL
22;3777;NULL
22;3778;NULL
22;3779;NULL
22;3780;NULL
22;3781;NULL
22;3782;NULL
22;3783;NULL
22;3784;NULL
22;3785;NULL
22;3786;NULL
22;3787;NULL
22;3788;NULL
22;3789;NULL
22;3790;NULL
22;3791;NULL
22;3792;NULL
22;3793;NULL
22;3794;NULL
22;3795;NULL
22;3796;NULL
22;3797;NULL
22;3798;NULL
22;3799;NULL
22;3800;NULL
22;3801;NULL
22;3802;NULL
22;3803;NULL
22;3804;NULL
22;3805;NULL
22;3806;NULL
22;3807;NULL
22;3808;NULL
22;3809;NULL
22;3810;NULL
22;3811;NULL
22;3812;NULL
22;3813;NULL
22;3814;NULL
22;3815;NULL
22;3816;NULL
22;3817;NULL
22;3818;NULL
22;3819;NULL
22;3820;NULL
22;3821;NULL
22;3822;NULL
22;3823;NULL
22;3824;NULL
22;3825;NULL
22;3826;NULL
22;3827;NULL
22;3828;NULL
22;3829;NULL
22;3830;NULL
22;3831;NULL
22;3832;NULL
22;3833;NULL
22;3834;NULL
22;3835;NULL
22;3836;NULL
22;3837;NULL
22;3838;NULL
22;3839;NULL
22;3840;NULL
22;3841;NULL
22;3842;NULL
22;3843;NULL
22;3844;NULL
22;3845;NULL
22;3846;NULL
22;3847;NULL
22;3848;NULL
22;3849;NULL
22;3850;NULL
22;3851;NULL
22;3852;NULL
22;3853;NULL
22;3854;NULL
22;3855;NULL
22;3856;NULL
22;3857;NULL
22;3858;NULL
22;3859;NULL
